Tier,Type,Facility,City,Permit #,Permit expires,Active?,Website / social (fill in),Contact — email/phone/DM (fill in),Status,Last contacted,Notes
A · SJ hot-meal,MEHKO,1977 Ma Private Kitchen,San Jose,PT0506975,2027-04-30,Y,,,Not started,,
A · SJ hot-meal,MEHKO,23rd Parallel Supper Club,San Jose,PT0507003,2027-05-31,Y,,,Not started,,
A · SJ hot-meal,MEHKO,40 Acres Soul Kitchen,San Jose,PT0507224,2027-06-30,Y,,,Not started,,
A · SJ hot-meal,MEHKO,7 Rice Ball,San Jose,PT0506122,2026-10-31,Y,,,Not started,,
A · SJ hot-meal,MEHKO,All A Board,San Jose,PT0501243,2027-04-30,Y,,,Not started,,
A · SJ hot-meal,MEHKO,Anna Korotaieva,San Jose,PT0506881,2027-04-30,Y,,,Not started,,
A · SJ hot-meal,MEHKO,Annie'S La Boutique,San Jose,PT0505036,2027-04-30,Y,,,Not started,,
A · SJ hot-meal,MEHKO,Arepas Pal Tiesto,San Jose,PT0504914,2027-03-31,Y,,,Not started,,
A · SJ hot-meal,MEHKO,Aum Sai Khaman-Dhokla,San Jose,PT0506718,2027-02-28,Y,,,Not started,,
A · SJ hot-meal,MEHKO,B&J,San Jose,PT0503107,2027-05-31,Y,,,Not started,,
A · SJ hot-meal,MEHKO,Batel'S Kitchen,San Jose,PT0506760,2027-03-31,Y,,,Not started,,
A · SJ hot-meal,MEHKO,Bep Viet,San Jose,PT0507225,2027-05-31,Y,,,Not started,,
A · SJ hot-meal,MEHKO,Birrieria Marfredd,San Jose,PT0504587,2027-02-28,Y,,,Not started,,
A · SJ hot-meal,MEHKO,Butter N Bubbles,San Jose,PT0505043,2027-04-30,Y,,,Not started,,
A · SJ hot-meal,MEHKO,Cake Poppery,San Jose,PT0507091,2027-05-31,Y,,,Not started,,
A · SJ hot-meal,MEHKO,Chioma'S Fufu,San Jose,PT0507141,2027-05-31,Y,,,Not started,,
A · SJ hot-meal,MEHKO,Cj'S Zest And Fire Home Kitchen,San Jose,PT0507071,2027-05-31,Y,,,Not started,,
A · SJ hot-meal,MEHKO,Comida Nica Las Gemelas,San Jose,PT0505677,2027-07-31,Y,,,Not started,,
A · SJ hot-meal,MEHKO,Conchita Cenaduria,San Jose,PT0505042,2027-04-30,Y,,,Not started,,
A · SJ hot-meal,MEHKO,Cookie Pie Cafe,San Jose,PT0503332,2027-06-30,Y,,,Not started,,
A · SJ hot-meal,MEHKO,Cruzin Sub And Deli,San Jose,PT0505784,2026-08-31,Y,,,Not started,,
A · SJ hot-meal,MEHKO,Deleite Celestial Desserts,San Jose,PT0504234,2026-12-31,Y,,,Not started,,
A · SJ hot-meal,MEHKO,Driftwood Bbq,San Jose,PT0506883,2027-04-30,Y,,,Not started,,
A · SJ hot-meal,MEHKO,Duong Huu Ai Nguyen,San Jose,PT0503502,2027-07-31,Y,,,Not started,,
A · SJ hot-meal,MEHKO,El Patio Nicaraguense,San Jose,PT0504016,2026-10-31,Y,,,Not started,,
A · SJ hot-meal,MEHKO,El Rancho Relaxo Barbecue,San Jose,PT0507117,2027-06-30,Y,,,Not started,,
A · SJ hot-meal,MEHKO,El Sabor De La Vida,San Jose,PT0507322,2027-06-30,Y,,,Not started,,
A · SJ hot-meal,MEHKO,Elien'S Coffee Addiction,San Jose,PT0505040,2027-04-30,Y,,,Not started,,
A · SJ hot-meal,MEHKO,Ely'S Bakery,San Jose,PT0505151,2027-04-30,Y,,,Not started,,
A · SJ hot-meal,MEHKO,Evergreen Eatery,San Jose,PT0506000,2026-09-30,Y,,,Not started,,
A · SJ hot-meal,MEHKO,Fresh Space Kitchen,San Jose,PT0504548,2027-01-31,Y,,,Not started,,
A · SJ hot-meal,MEHKO,Guilt Train,San Jose,PT0502051,2026-08-31,Y,,,Not started,,
A · SJ hot-meal,MEHKO,Hao'S House,San Jose,PT0506369,2026-12-31,Y,,,Not started,,
A · SJ hot-meal,MEHKO,Happy Harvest Kitchen,San Jose,PT0504951,2027-03-31,Y,,,Not started,,
A · SJ hot-meal,MEHKO,I Cakes Creative,San Jose,PT0504977,2027-03-31,Y,,,Not started,,
A · SJ hot-meal,MEHKO,Indian Bite,San Jose,PT0507323,2027-06-30,Y,,,Not started,,
A · SJ hot-meal,MEHKO,Julies British Bakery,San Jose,PT0501452,2027-05-31,Y,,,Not started,,
A · SJ hot-meal,MEHKO,Kathy'S Creations,San Jose,PT0505291,2027-05-31,Y,,,Not started,,
A · SJ hot-meal,MEHKO,Kelicious Moon,San Jose,PT0505251,2027-05-31,Y,,,Not started,,
A · SJ hot-meal,MEHKO,Kitoz Burger,San Jose,PT0506354,2026-12-31,Y,,,Not started,,
A · SJ hot-meal,MEHKO,Ky Trang Tsan,San Jose,PT0503336,2027-06-30,Y,,,Not started,,
A · SJ hot-meal,MEHKO,La Cazuela Del Sabor,San Jose,PT0504233,2026-12-31,Y,,,Not started,,
A · SJ hot-meal,MEHKO,La Chulita Kitchen,San Jose,PT0504905,2027-03-31,Y,,,Not started,,
A · SJ hot-meal,MEHKO,La Villa Con Sabor De Hogar,San Jose,PT0506307,2026-12-31,Y,,,Not started,,
A · SJ hot-meal,MEHKO,Lakwatsa Coffee,San Jose,PT0507073,2027-05-31,Y,,,Not started,,
A · SJ hot-meal,MEHKO,Las Tres Tapatias,San Jose,PT0503616,2026-08-31,Y,,,Not started,,
A · SJ hot-meal,MEHKO,Liana Nguyen,San Jose,PT0507462,2027-07-31,Y,,,Not started,,
A · SJ hot-meal,MEHKO,Little Miss Chef,San Jose,PT0503907,2026-09-30,Y,,,Not started,,
A · SJ hot-meal,MEHKO,Lucky Truckin Coffee,San Jose,PT0505786,2026-08-31,Y,,,Not started,,
A · SJ hot-meal,MEHKO,Malgudi,San Jose,PT0506550,2027-01-31,Y,,,Not started,,
A · SJ hot-meal,MEHKO,Mama Roc'S Puerto Rican Kitchen,San Jose,PT0504530,2027-01-31,Y,,,Not started,,
A · SJ hot-meal,MEHKO,Mana Ruchi,San Jose,PT0506274,2026-11-30,Y,,,Not started,,
A · SJ hot-meal,MEHKO,Marbled Cuts Fine Meats,San Jose,PT0504161,2026-11-30,Y,,,Not started,,
A · SJ hot-meal,MEHKO,Mariana'S Antojitos Y Mas,San Jose,PT0506776,2028-03-31,Y,,,Not started,,
A · SJ hot-meal,MEHKO,Mariscos El Leonsillo,San Jose,PT0506447,2027-01-31,Y,,,Not started,,
A · SJ hot-meal,MEHKO,"Maxico ""La Tragaderia""",San Jose,PT0502202,2026-10-31,Y,,,Not started,,
A · SJ hot-meal,MEHKO,Mehreen'S Kitchen,San Jose,PT0501862,2026-08-31,Y,,,Not started,,
A · SJ hot-meal,MEHKO,Mi Linda'S Cosina,San Jose,PT0505463,2027-06-30,Y,,,Not started,,
A · SJ hot-meal,MEHKO,Mimi Bean Paste Flower Cake,San Jose,PT0502425,2026-12-31,Y,,,Not started,,
A · SJ hot-meal,MEHKO,Mini Queen Pancakes,San Jose,PT0505789,2026-08-31,Y,,,Not started,,
A · SJ hot-meal,MEHKO,Morecake,San Jose,PT0504593,2027-02-28,Y,,,Not started,,
A · SJ hot-meal,MEHKO,Mota,San Jose,PT0506546,2027-01-31,Y,,,Not started,,
A · SJ hot-meal,MEHKO,Mu Mu Kitchen,San Jose,PT0502096,2026-09-30,Y,,,Not started,,
A · SJ hot-meal,MEHKO,Mytiffin.Com,San Jose,PT0506353,2026-12-31,Y,,,Not started,,
A · SJ hot-meal,MEHKO,Ngoc Duyen Tran,San Jose,PT0503503,2027-07-31,Y,,,Not started,,
A · SJ hot-meal,MEHKO,Oanh Nguyen,San Jose,PT0504969,2027-03-31,Y,,,Not started,,
A · SJ hot-meal,MEHKO,Om Nom,San Jose,PT0505038,2027-04-30,Y,,,Not started,,
A · SJ hot-meal,MEHKO,Ouiyang Patisserie,San Jose,PT0504547,2027-01-31,Y,,,Not started,,
A · SJ hot-meal,MEHKO,Palate Lab,San Jose,PT0504591,2027-02-28,Y,,,Not started,,
A · SJ hot-meal,MEHKO,"Papa Bud'S Cajun, Creole & Bbq",San Jose,PT0501312,2027-04-30,Y,,,Not started,,
A · SJ hot-meal,MEHKO,Plantful Inspiration,San Jose,PT0502399,2026-12-31,Y,,,Not started,,
A · SJ hot-meal,MEHKO,"Quach, Hue",San Jose,PT0503087,2027-04-30,Y,,,Not started,,
A · SJ hot-meal,MEHKO,"Quach, Nga",San Jose,PT0503088,2027-05-31,Y,,,Not started,,
A · SJ hot-meal,MEHKO,Rest Is The Rebellion,San Jose,PT0506222,2026-11-30,Y,,,Not started,,
A · SJ hot-meal,MEHKO,Restaurante San Sebastian,San Jose,PT0501861,2026-08-31,Y,,,Not started,,
A · SJ hot-meal,MEHKO,Rustic Grazing,San Jose,PT0504912,2027-03-31,Y,,,Not started,,
A · SJ hot-meal,MEHKO,Say Boulangerie,San Jose,PT0504592,2027-02-28,Y,,,Not started,,
A · SJ hot-meal,MEHKO,Sidekick Cafe,San Jose,PT0504950,2027-03-31,Y,,,Not started,,
A · SJ hot-meal,MEHKO,Simply Delicious,San Jose,PT0504911,2027-03-31,Y,,,Not started,,
A · SJ hot-meal,MEHKO,Slo Burn Bbq,San Jose,PT0504949,2027-03-31,Y,,,Not started,,
A · SJ hot-meal,MEHKO,Sonia'S Antojito'S & Delicia'S,San Jose,PT0504908,2027-03-31,Y,,,Not started,,
A · SJ hot-meal,MEHKO,Spice And Simmer,San Jose,PT0505149,2027-04-30,Y,,,Not started,,
A · SJ hot-meal,MEHKO,Spice Saga,San Jose,PT0506367,2026-12-31,Y,,,Not started,,
A · SJ hot-meal,MEHKO,Susy Custom Cakes,San Jose,PT0503278,2027-05-31,Y,,,Not started,,
A · SJ hot-meal,MEHKO,Tajal,San Jose,PT0505214,2027-04-30,Y,,,Not started,,
A · SJ hot-meal,MEHKO,"Taquitos Dorados Y Tostadas ""El Pancitas""",San Jose,PT0505298,2027-05-31,Y,,,Not started,,
A · SJ hot-meal,MEHKO,Tatiana Margarit,San Jose,PT0506882,2027-05-31,Y,,,Not started,,
A · SJ hot-meal,MEHKO,The Chatori House,San Jose,PT0506775,2028-03-31,Y,,,Not started,,
A · SJ hot-meal,MEHKO,The Little Baker,San Jose,PT0506368,2026-12-31,Y,,,Not started,,
A · SJ hot-meal,MEHKO,The Saffron Edit,San Jose,PT0506955,2027-04-30,Y,,,Not started,,
A · SJ hot-meal,MEHKO,Trang Nguyen,San Jose,PT0503501,2027-07-31,Y,,,Not started,,
A · SJ hot-meal,MEHKO,Trinh Nguyen,San Jose,PT0505150,2027-04-30,Y,,,Not started,,
A · SJ hot-meal,MEHKO,Venky'S Kitchen,San Jose,PT0507002,2027-05-31,Y,,,Not started,,
A · SJ hot-meal,MEHKO,Vivi'S Lasagna & More,San Jose,PT0502402,2026-12-31,Y,,,Not started,,
A · SJ hot-meal,MEHKO,Xiangyu Kitchen Lab,San Jose,PT0502947,2027-03-31,Y,,,Not started,,
A · SJ hot-meal,MEHKO,Yi-Novation,San Jose,PT0503727,2026-08-31,Y,,,Not started,,
A · SJ hot-meal,MEHKO,Z8 Cafe,San Jose,PT0501453,2027-05-31,Y,,,Not started,,
A · SJ hot-meal,MEHKO,Zingo,San Jose,PT0507143,2027-05-31,Y,,,Not started,,
B · SJ baker,Cottage,10 Am Bakery,San Jose,PT0506850,2027-03-31,Y,,,Not started,,
B · SJ baker,Cottage,6500 Leyland Bakery,San Jose,PT0497147,2027-02-28,Y,,,Not started,,
B · SJ baker,Cottage,Adorned By Amberly,San Jose,PT0506438,2027-01-31,Y,,,Not started,,
B · SJ baker,Cottage,Andy'S Nuts,San Jose,PT0505016,2027-04-30,Y,,,Not started,,
B · SJ baker,Cottage,Ashley Mendoza,San Jose,PT0502468,2027-01-31,Y,,,Not started,,
B · SJ baker,Cottage,Baby Tiger Bakery,San Jose,PT0501859,2026-08-31,Y,,,Not started,,
B · SJ baker,Cottage,Bad Girl Chocolates,San Jose,PT0506014,2026-10-31,Y,,,Not started,,
B · SJ baker,Cottage,Baking Con Amor 408,San Jose,PT0507168,2027-05-31,Y,,,Not started,,
B · SJ baker,Cottage,Barb'S Beans,San Jose,PT0500431,2026-09-30,Y,,,Not started,,
B · SJ baker,Cottage,Better Bakes,San Jose,PT0506988,2027-04-30,Y,,,Not started,,
B · SJ baker,Cottage,Billi Bakery,San Jose,PT0503572,2027-07-31,Y,,,Not started,,
B · SJ baker,Cottage,Blissful Bite,San Jose,PT0500620,2026-10-31,Y,,,Not started,,
B · SJ baker,Cottage,Bon Bons Du Soleil,San Jose,PT0495193,2026-11-30,Y,,,Not started,,
B · SJ baker,Cottage,Brianna'S Baking,San Jose,PT0505849,2026-09-30,Y,,,Not started,,
B · SJ baker,Cottage,Brown Butter & Crumbs,San Jose,PT0506439,2027-01-31,Y,,,Not started,,
B · SJ baker,Cottage,Browned Butter Babe Co,San Jose,PT0500463,2026-09-30,Y,,,Not started,,
B · SJ baker,Cottage,Buttered Spatula,San Jose,PT0501763,2027-07-31,Y,,,Not started,,
B · SJ baker,Cottage,Cafe De Roxy,San Jose,PT0504922,2027-03-31,Y,,,Not started,,
B · SJ baker,Cottage,Caramella Dolci Toffee,San Jose,PT0506748,2027-02-28,Y,,,Not started,,
B · SJ baker,Cottage,Carmen'S Confections,San Jose,PT0498489,2026-10-31,Y,,,Not started,,
B · SJ baker,Cottage,Cedric Bakes,San Jose,PT0500412,2026-09-30,Y,,,Not started,,
B · SJ baker,Cottage,Cezaine Pies And Sweets,San Jose,PT0496942,2026-12-31,Y,,,Not started,,
B · SJ baker,Cottage,Chipidee Cookies,San Jose,PT0496580,2026-08-31,Y,,,Not started,,
B · SJ baker,Cottage,Choco & Kin,San Jose,PT0506906,2027-03-31,Y,,,Not started,,
B · SJ baker,Cottage,Cocoacumin,San Jose,PT0504497,2027-01-31,Y,,,Not started,,
B · SJ baker,Cottage,Concha-La-La,San Jose,PT0504722,2027-02-28,Y,,,Not started,,
B · SJ baker,Cottage,Constellation Baking Company,San Jose,PT0503043,2027-04-30,Y,,,Not started,,
B · SJ baker,Cottage,Cookies...By Delia,San Jose,PT0506990,2027-04-30,Y,,,Not started,,
B · SJ baker,Cottage,Crafty Cakes,San Jose,PT0502060,2026-09-30,Y,,,Not started,,
B · SJ baker,Cottage,Daisylicious Cakes,San Jose,PT0505582,2026-09-30,Y,,,Not started,,
B · SJ baker,Cottage,Dani Got Cakes,San Jose,PT0504033,2026-11-30,Y,,,Not started,,
B · SJ baker,Cottage,Dear Bread,San Jose,PT0507018,2027-04-30,Y,,,Not started,,
B · SJ baker,Cottage,Dh Cake Studio Inc.,San Jose,PT0498188,2027-07-31,Y,,,Not started,,
B · SJ baker,Cottage,Dip And Sprinkle,San Jose,PT0506991,2027-04-30,Y,,,Not started,,
B · SJ baker,Cottage,Dip N Sip,San Jose,PT0502788,2027-03-31,Y,,,Not started,,
B · SJ baker,Cottage,Eku Eku Bakery,San Jose,PT0506452,2027-01-31,Y,,,Not started,,
B · SJ baker,Cottage,Elika Kitchen,San Jose,PT0501704,2027-07-31,Y,,,Not started,,
B · SJ baker,Cottage,Essential Cookies,San Jose,PT0505015,2027-04-30,Y,,,Not started,,
B · SJ baker,Cottage,Fenjun Coffee,San Jose,PT0506539,2027-02-28,Y,,,Not started,,
B · SJ baker,Cottage,Food Artist Studio,San Jose,PT0493190,2026-11-30,Y,,,Not started,,
B · SJ baker,Cottage,Franci Cakes,San Jose,PT0482754,2027-01-31,Y,,,Not started,,
B · SJ baker,Cottage,From Em,San Jose,PT0507169,2027-05-31,Y,,,Not started,,
B · SJ baker,Cottage,Gamisarapgood,San Jose,PT0497824,2027-05-31,Y,,,Not started,,
B · SJ baker,Cottage,Gathering Artisans Collective,San Jose,PT0501180,2027-03-31,Y,,,Not started,,
B · SJ baker,Cottage,Gigil Bakehouse,San Jose,PT0505777,2027-08-31,Y,,,Not started,,
B · SJ baker,Cottage,Giveth The Beans,San Jose,PT0500870,2027-01-31,Y,,,Not started,,
B · SJ baker,Cottage,Graciela'S Bakery,San Jose,PT0501673,2027-06-30,Y,,,Not started,,
B · SJ baker,Cottage,Gulrangi,San Jose,PT0503969,2026-10-31,Y,,,Not started,,
B · SJ baker,Cottage,Gup Shup Bakes,San Jose,PT0506692,2027-02-28,Y,,,Not started,,
B · SJ baker,Cottage,Hd'S Corner,San Jose,PT0503046,2027-04-30,Y,,,Not started,,
B · SJ baker,Cottage,Heidi'S Bytes,San Jose,PT0499873,2027-05-31,Y,,,Not started,,
B · SJ baker,Cottage,Honey Bees In Ca,San Jose,PT0503968,2026-10-31,Y,,,Not started,,
B · SJ baker,Cottage,Honey Fern Bakery,San Jose,PT0507387,2027-06-30,Y,,,Not started,,
B · SJ baker,Cottage,Hustle + Elevate Cracc Salt,San Jose,PT0497624,2026-11-30,Y,,,Not started,,
B · SJ baker,Cottage,I Like Pie Desserts And More,San Jose,PT0507448,2027-07-31,Y,,,Not started,,
B · SJ baker,Cottage,Joyful Crumb,San Jose,PT0506680,2027-02-28,Y,,,Not started,,
B · SJ baker,Cottage,Just One More,San Jose,PT0507238,2027-06-30,Y,,,Not started,,
B · SJ baker,Cottage,Kathy'S Choice,San Jose,PT0496781,2026-10-31,Y,,,Not started,,
B · SJ baker,Cottage,Knead More,San Jose,PT0505583,2027-07-31,Y,,,Not started,,
B · SJ baker,Cottage,La Dolce Vita,San Jose,PT0494169,2027-05-31,Y,,,Not started,,
B · SJ baker,Cottage,Lapland Bakery,San Jose,PT0490816,2026-09-30,Y,,,Not started,,
B · SJ baker,Cottage,Las Delicias De Don Efren,San Jose,PT0486523,2026-09-30,Y,,,Not started,,
B · SJ baker,Cottage,Lemonpop,San Jose,PT0503533,2027-07-31,Y,,,Not started,,
B · SJ baker,Cottage,Little Noon House,San Jose,PT0507317,2027-06-30,Y,,,Not started,,
B · SJ baker,Cottage,Luca Next Door,San Jose,PT0501286,2027-04-30,Y,,,Not started,,
B · SJ baker,Cottage,Luv'S Brownies,San Jose,PT0491001,2026-10-31,Y,,,Not started,,
B · SJ baker,Cottage,Lynne'S Labor Of Love,San Jose,PT0506011,2026-10-31,Y,,,Not started,,
B · SJ baker,Cottage,Ma Jolie Bakery,San Jose,PT0504981,2027-03-31,Y,,,Not started,,
B · SJ baker,Cottage,Maddies Treats,San Jose,PT0506195,2026-11-30,Y,,,Not started,,
B · SJ baker,Cottage,Mama Z'S Sweetz,San Jose,PT0503654,2026-08-31,Y,,,Not started,,
B · SJ baker,Cottage,Mango Blossom Apiary,San Jose,PT0500034,2027-06-30,Y,,,Not started,,
B · SJ baker,Cottage,Mariela'S Manzanas,San Jose,PT0496799,2026-10-31,Y,,,Not started,,
B · SJ baker,Cottage,Masala Oven,San Jose,PT0507115,2027-05-31,Y,,,Not started,,
B · SJ baker,Cottage,Mexipino Creations,San Jose,PT0505551,2027-07-31,Y,,,Not started,,
B · SJ baker,Cottage,Mia Nia,San Jose,PT0507197,2027-06-30,Y,,,Not started,,
B · SJ baker,Cottage,Mie Et Croute,San Jose,PT0502676,2027-02-28,Y,,,Not started,,
B · SJ baker,Cottage,Mill & Ink,San Jose,PT0505850,2026-09-30,Y,,,Not started,,
B · SJ baker,Cottage,Minimalist Eats,San Jose,PT0503041,2027-04-30,Y,,,Not started,,
B · SJ baker,Cottage,Monkey King Candy,San Jose,PT0507249,2027-06-30,Y,,,Not started,,
B · SJ baker,Cottage,Motovelo Coffee,San Jose,PT0502239,2026-11-30,Y,,,Not started,,
B · SJ baker,Cottage,Moxie Girl & Co.,San Jose,PT0503653,2027-08-31,Y,,,Not started,,
B · SJ baker,Cottage,Ms. Sweet Satty'S,San Jose,PT0501759,2027-07-31,Y,,,Not started,,
B · SJ baker,Cottage,Much Joy Bakeshop,San Jose,PT0504156,2026-12-31,Y,,,Not started,,
B · SJ baker,Cottage,N Sourdough,San Jose,PT0506397,2027-01-31,Y,,,Not started,,
B · SJ baker,Cottage,Natasha'S Treats,San Jose,PT0500166,2027-07-31,Y,,,Not started,,
B · SJ baker,Cottage,Nice Bake,San Jose,PT0502914,2027-03-31,Y,,,Not started,,
B · SJ baker,Cottage,Nomzwithniralz,San Jose,PT0507403,2027-06-30,Y,,,Not started,,
B · SJ baker,Cottage,Not Too Sweet Bakery,San Jose,PT0507365,2027-06-30,Y,,,Not started,,
B · SJ baker,Cottage,Nousa'S Cakes & Sweets,San Jose,PT0488409,2026-08-31,Y,,,Not started,,
B · SJ baker,Cottage,Om Cacao,San Jose,PT0504155,2026-12-31,Y,,,Not started,,
B · SJ baker,Cottage,Omg Cookies,San Jose,PT0506717,2027-04-30,Y,,,Not started,,
B · SJ baker,Cottage,P And N Kitchen,San Jose,PT0497598,2027-03-31,Y,,,Not started,,
B · SJ baker,Cottage,Pamela'S Pantry,San Jose,PT0501469,2027-05-31,Y,,,Not started,,
B · SJ baker,Cottage,Papo'S,San Jose,PT0505898,2026-09-30,Y,,,Not started,,
B · SJ baker,Cottage,Pat A Cake,San Jose,PT0505205,2027-04-30,Y,,,Not started,,
B · SJ baker,Cottage,Paw Paw Cake,San Jose,PT0502436,2027-01-31,Y,,,Not started,,
B · SJ baker,Cottage,Pearle'S Pantry,San Jose,PT0507319,2027-06-30,Y,,,Not started,,
B · SJ baker,Cottage,Pink Pantry,San Jose,PT0506526,2027-02-28,Y,,,Not started,,
B · SJ baker,Cottage,Playing With Dough Cookies,San Jose,PT0489211,2027-01-31,Y,,,Not started,,
B · SJ baker,Cottage,Preeti'S,San Jose,PT0507453,2027-07-31,Y,,,Not started,,
B · SJ baker,Cottage,Prettyummy Bakery,San Jose,PT0487972,2027-06-30,Y,,,Not started,,
B · SJ baker,Cottage,Prim Rivers Kitchen,San Jose,PT0507207,2027-05-31,Y,,,Not started,,
B · SJ baker,Cottage,Rice N Cake,San Jose,PT0494459,2027-07-31,Y,,,Not started,,
B · SJ baker,Cottage,Riza Cakes,San Jose,PT0504601,2027-02-28,Y,,,Not started,,
B · SJ baker,Cottage,Robles Churros,San Jose,PT0506297,2026-12-31,Y,,,Not started,,
B · SJ baker,Cottage,Rosa'S Cookies,San Jose,PT0489271,2027-02-28,Y,,,Not started,,
B · SJ baker,Cottage,Roxy'S Sweet Treats,San Jose,PT0499014,2026-12-31,Y,,,Not started,,
B · SJ baker,Cottage,Sajuk Soul,San Jose,PT0507447,2027-07-31,Y,,,Not started,,
B · SJ baker,Cottage,Salted Crumb Bakery,San Jose,PT0506833,2027-03-31,Y,,,Not started,,
B · SJ baker,Cottage,Seker And Co,San Jose,PT0507483,2027-07-31,Y,,,Not started,,
B · SJ baker,Cottage,Shanna'S Sweet Shoppe,San Jose,PT0498167,2027-07-31,Y,,,Not started,,
B · SJ baker,Cottage,Silk Road Bakery,San Jose,PT0505470,2027-06-30,Y,,,Not started,,
B · SJ baker,Cottage,Sj Herbal Shoppe,San Jose,PT0506837,2027-03-31,Y,,,Not started,,
B · SJ baker,Cottage,Sourdoe And Rye,San Jose,PT0506693,2027-02-28,Y,,,Not started,,
B · SJ baker,Cottage,Spicenza,San Jose,PT0506052,2026-10-31,Y,,,Not started,,
B · SJ baker,Cottage,Strait Coffee Roasters,San Jose,PT0500952,2027-02-28,Y,,,Not started,,
B · SJ baker,Cottage,Sweet And Sour Girls,San Jose,PT0501918,2026-08-31,Y,,,Not started,,
B · SJ baker,Cottage,Sweet Delight,San Jose,PT0502930,2027-03-31,Y,,,Not started,,
B · SJ baker,Cottage,Sweet Note Cakes,San Jose,PT0498313,2026-09-30,Y,,,Not started,,
B · SJ baker,Cottage,Sweet Sisters Bakery,San Jose,PT0506871,2027-03-31,Y,,,Not started,,
B · SJ baker,Cottage,Sweet Treats Sj,San Jose,PT0497532,2027-02-28,Y,,,Not started,,
B · SJ baker,Cottage,Sweets By Shadi,San Jose,PT0496621,2026-08-31,Y,,,Not started,,
B · SJ baker,Cottage,Tasty Dreams,San Jose,PT0494481,2027-07-31,Y,,,Not started,,
B · SJ baker,Cottage,That'S All Co,San Jose,PT0504237,2026-12-31,Y,,,Not started,,
B · SJ baker,Cottage,The Almond Affair,San Jose,PT0506446,2027-01-31,Y,,,Not started,,
B · SJ baker,Cottage,The Butter'D Drop,San Jose,PT0507311,2027-06-30,Y,,,Not started,,
B · SJ baker,Cottage,The Crumbry,San Jose,PT0507519,2027-07-31,Y,,,Not started,,
B · SJ baker,Cottage,The Enchanted Cake,San Jose,PT0500413,2026-09-30,Y,,,Not started,,
B · SJ baker,Cottage,The Frosted Favor,San Jose,PT0505087,2027-04-30,Y,,,Not started,,
B · SJ baker,Cottage,The Golden Crust,San Jose,PT0505670,2027-07-31,Y,,,Not started,,
B · SJ baker,Cottage,The Little Things Kitchen,San Jose,PT0501283,2027-04-30,Y,,,Not started,,
B · SJ baker,Cottage,The Rolling Pin,San Jose,PT0494849,2026-09-30,Y,,,Not started,,
B · SJ baker,Cottage,The Savory Sydnor,San Jose,PT0505728,2026-08-31,Y,,,Not started,,
B · SJ baker,Cottage,The Sweet Spot Desserts,San Jose,PT0506454,2027-01-31,Y,,,Not started,,
B · SJ baker,Cottage,The Willow Glen Baker,San Jose,PT0506987,2027-04-30,Y,,,Not started,,
B · SJ baker,Cottage,Thyme For Something Sweet,San Jose,PT0506118,2026-10-31,Y,,,Not started,,
B · SJ baker,Cottage,Tj Bakes Eggless,San Jose,PT0506933,2027-03-31,Y,,,Not started,,
B · SJ baker,Cottage,Twinsies Cake Cookies,San Jose,PT0507114,2027-05-31,Y,,,Not started,,
B · SJ baker,Cottage,Valley Toffee,San Jose,PT0502164,2026-10-31,Y,,,Not started,,
B · SJ baker,Cottage,Vision Healthy Food,San Jose,PT0495343,2026-12-31,Y,,,Not started,,
B · SJ baker,Cottage,Vista De Yadav,San Jose,PT0504924,2027-03-31,Y,,,Not started,,
B · SJ baker,Cottage,Wabisabi Delectables,San Jose,PT0504153,2026-12-31,Y,,,Not started,,
B · SJ baker,Cottage,Wheatless Bakehouse,San Jose,PT0506366,2026-12-31,Y,,,Not started,,
B · SJ baker,Cottage,Wisdom Delights,San Jose,PT0504011,2026-10-31,Y,,,Not started,,
B · SJ baker,Cottage,With Eliora,San Jose,PT0507218,2027-05-31,Y,,,Not started,,
B · SJ baker,Cottage,Wonderland Pastry,San Jose,PT0491423,2027-01-31,Y,,,Not started,,
B · SJ baker,Cottage,Yummy Tummy Farms Llc,San Jose,PT0495936,2027-02-28,Y,,,Not started,,
B · SJ baker,Cottage,Zu Bakery,San Jose,PT0506146,2026-10-31,Y,,,Not started,,
C · other-city hot-meal,MEHKO,El Sazon Del Rancho,Alviso,PT0503912,2026-09-30,Y,,,Not started,,
C · other-city hot-meal,MEHKO,Lao Zi Niang Teochew Kitchen,Campbell,PT0507032,2027-04-30,Y,,,Not started,,
C · other-city hot-meal,MEHKO,Raffin Bakery,Campbell,PT0502833,2027-03-31,Y,,,Not started,,
C · other-city hot-meal,MEHKO,Baobao Tang,Cupertino,PT0507252,2027-06-30,Y,,,Not started,,
C · other-city hot-meal,MEHKO,Chaudhary Daba,Cupertino,PT0506758,2027-03-31,Y,,,Not started,,
C · other-city hot-meal,MEHKO,Jipbap,Cupertino,PT0504979,2027-03-31,Y,,,Not started,,
C · other-city hot-meal,MEHKO,Joyful Treats,Cupertino,PT0505380,2027-05-31,Y,,,Not started,,
C · other-city hot-meal,MEHKO,Little Feast,Cupertino,PT0507116,2027-07-31,Y,,,Not started,,
C · other-city hot-meal,MEHKO,Mukta Athavale,Cupertino,PT0506747,2027-02-28,Y,,,Not started,,
C · other-city hot-meal,MEHKO,One Piece Cake,Cupertino,PT0502401,2026-12-31,Y,,,Not started,,
C · other-city hot-meal,MEHKO,Wonder Food,Cupertino,PT0504972,2027-03-31,Y,,,Not started,,
C · other-city hot-meal,MEHKO,Chinese Kitchen,Gilroy,PT0501755,2027-07-31,Y,,,Not started,,
C · other-city hot-meal,MEHKO,Gorditas Carrasco Duranguense,Gilroy,PT0503537,2027-07-31,Y,,,Not started,,
C · other-city hot-meal,MEHKO,The Salo Spread,Gilroy,PT0507070,2027-06-30,Y,,,Not started,,
C · other-city hot-meal,MEHKO,Mel Bao,Los Altos,PT0505791,2026-08-31,Y,,,Not started,,
C · other-city hot-meal,MEHKO,Michelle'S Kitchen,Los Altos,PT0507016,2027-04-30,Y,,,Not started,,
C · other-city hot-meal,MEHKO,Susumeals,Los Altos,PT0505868,2026-09-30,Y,,,Not started,,
C · other-city hot-meal,MEHKO,Ila'S Kitchen,Los Gatos,PT0501384,2027-05-31,Y,,,Not started,,
C · other-city hot-meal,MEHKO,Sweet Sensations,Los Gatos,PT0503795,2026-09-30,Y,,,Not started,,
C · other-city hot-meal,MEHKO,Anu'S Kitchen,Milpitas,PT0504634,2027-02-28,Y,,,Not started,,
C · other-city hot-meal,MEHKO,Cuppa Moo,Milpitas,PT0506172,2026-10-31,Y,,,Not started,,
C · other-city hot-meal,MEHKO,Dina'S Delish Cooking,Milpitas,PT0503909,2026-09-30,Y,,,Not started,,
C · other-city hot-meal,MEHKO,Humi Foods,Milpitas,PT0503331,2027-06-30,Y,,,Not started,,
C · other-city hot-meal,MEHKO,Mamouya'S Kitchen,Milpitas,PT0504158,2026-11-30,Y,,,Not started,,
C · other-city hot-meal,MEHKO,Masala Palette,Milpitas,PT0505297,2027-05-31,Y,,,Not started,,
C · other-city hot-meal,MEHKO,Nanjing Kitchen,Milpitas,PT0501986,2026-08-31,Y,,,Not started,,
C · other-city hot-meal,MEHKO,Petitea Bake,Milpitas,PT0506543,2027-01-31,Y,,,Not started,,
C · other-city hot-meal,MEHKO,Rasoi,Milpitas,PT0501697,2027-07-31,Y,,,Not started,,
C · other-city hot-meal,MEHKO,Rj11,Milpitas,PT0502120,2026-09-30,Y,,,Not started,,
C · other-city hot-meal,MEHKO,Sally Store,Milpitas,PT0502335,2026-11-30,Y,,,Not started,,
C · other-city hot-meal,MEHKO,Salt N Pepper,Milpitas,PT0505027,2027-04-30,Y,,,Not started,,
C · other-city hot-meal,MEHKO,Shrimp Fritters By Lanie,Milpitas,PT0503505,2027-07-31,Y,,,Not started,,
C · other-city hot-meal,MEHKO,Sneha'S Kitchen,Milpitas,PT0506306,2026-12-31,Y,,,Not started,,
C · other-city hot-meal,MEHKO,Tam Tran,Milpitas,PT0506986,2027-04-30,Y,,,Not started,,
C · other-city hot-meal,MEHKO,Grazin Goodness,Morgan Hill,PT0501509,2027-05-31,Y,,,Not started,,
C · other-city hot-meal,MEHKO,Lead Eye Smokers,Morgan Hill,PT0504014,2026-10-31,Y,,,Not started,,
C · other-city hot-meal,MEHKO,"Love, Yvonne",Morgan Hill,PT0505044,2027-04-30,Y,,,Not started,,
C · other-city hot-meal,MEHKO,Niki-S-Hill,Morgan Hill,PT0506280,2026-11-30,Y,,,Not started,,
C · other-city hot-meal,MEHKO,Porters Pantry,Morgan Hill,PT0502834,2027-03-31,Y,,,Not started,,
C · other-city hot-meal,MEHKO,Ayako'S Bakery,Mountain View,PT0506352,2026-12-01,Y,,,Not started,,
C · other-city hot-meal,MEHKO,Chai Baz,Mountain View,PT0506309,2026-12-31,Y,,,Not started,,
C · other-city hot-meal,MEHKO,Hungry Birds,Mountain View,PT0505383,2027-05-31,Y,,,Not started,,
C · other-city hot-meal,MEHKO,Svetlana Rogulya,Mountain View,PT0504549,2027-01-31,Y,,,Not started,,
C · other-city hot-meal,MEHKO,Zhen Kitchen,Mountain View,PT0507347,2027-06-30,Y,,,Not started,,
C · other-city hot-meal,MEHKO,Delectable Delicacies With A Twist,Palo Alto,PT0506120,2026-10-31,Y,,,Not started,,
C · other-city hot-meal,MEHKO,Have A Sunny Day,Palo Alto,PT0501754,2027-07-31,Y,,,Not started,,
C · other-city hot-meal,MEHKO,Jj Taiwan Bento,Palo Alto,PT0506746,2027-02-28,Y,,,Not started,,
C · other-city hot-meal,MEHKO,Angie And Evelyn'S Home Bakery,Santa Clara,PT0503748,2026-08-31,Y,,,Not started,,
C · other-city hot-meal,MEHKO,Bliss Berry,Santa Clara,PT0505212,2027-05-31,Y,,,Not started,,
C · other-city hot-meal,MEHKO,Boracay Tropical Grill,Santa Clara,PT0502421,2027-01-31,Y,,,Not started,,
C · other-city hot-meal,MEHKO,Drinks By Drea,Santa Clara,PT0505793,2026-08-31,Y,,,Not started,,
C · other-city hot-meal,MEHKO,Halloya,Santa Clara,PT0505253,2027-05-31,Y,,,Not started,,
C · other-city hot-meal,MEHKO,Juju'S Kitchen,Santa Clara,PT0505028,2027-04-30,Y,,,Not started,,
C · other-city hot-meal,MEHKO,Mr. Kike Bunuelos,Santa Clara,PT0506759,2027-03-31,Y,,,Not started,,
C · other-city hot-meal,MEHKO,Neem Leaf Hm Food,Santa Clara,PT0503754,2026-08-31,Y,,,Not started,,
C · other-city hot-meal,MEHKO,Simple Feast Family Table,Santa Clara,PT0506121,2026-10-31,Y,,,Not started,,
C · other-city hot-meal,MEHKO,Simply Tasty Goods,Santa Clara,PT0502142,2026-10-31,Y,,,Not started,,
C · other-city hot-meal,MEHKO,Touyou Xiang,Santa Clara,PT0504976,2027-03-31,Y,,,Not started,,
C · other-city hot-meal,MEHKO,Wanfu Kitchen,Santa Clara,PT0506481,2027-01-31,Y,,,Not started,,
C · other-city hot-meal,MEHKO,Xin'S Kitchen,Santa Clara,PT0505163,2027-04-30,Y,,,Not started,,
C · other-city hot-meal,MEHKO,Charcuterie & Chill,Saratoga,PT0502946,2027-03-31,Y,,,Not started,,
C · other-city hot-meal,MEHKO,Full Heart Kitchen,Saratoga,PT0506333,2026-12-31,Y,,,Not started,,
C · other-city hot-meal,MEHKO,Le Cake,Saratoga,PT0502897,2027-03-31,Y,,,Not started,,
C · other-city hot-meal,MEHKO,Mom'S Gujarati Kitchen,Saratoga,PT0505295,2027-05-31,Y,,,Not started,,
C · other-city hot-meal,MEHKO,678 House Llc,Sunnyvale,PT0501454,2027-05-31,Y,,,Not started,,
C · other-city hot-meal,MEHKO,Bao Ai De,Sunnyvale,PT0507074,2027-05-31,Y,,,Not started,,
C · other-city hot-meal,MEHKO,Jaja Kitchen,Sunnyvale,PT0506223,2026-11-30,Y,,,Not started,,
C · other-city hot-meal,MEHKO,Jingliantang,Sunnyvale,PT0502621,2027-01-31,Y,,,Not started,,
C · other-city hot-meal,MEHKO,Lao Dong Bei Food Service,Sunnyvale,PT0506848,2027-03-31,Y,,,Not started,,
C · other-city hot-meal,MEHKO,Las Dulzura De Reysi,Sunnyvale,PT0505152,2027-04-30,Y,,,Not started,,
C · other-city hot-meal,MEHKO,Orang Utan Cafe,Sunnyvale,PT0504948,2027-03-31,Y,,,Not started,,
C · other-city hot-meal,MEHKO,Rimir Pakshala,Sunnyvale,PT0504913,2027-03-31,Y,,,Not started,,
C · other-city hot-meal,MEHKO,Ruyi,Sunnyvale,PT0503281,2027-05-31,Y,,,Not started,,
D · other-city baker,Cottage,Aleksandra'S Bakery,Campbell,PT0497080,2027-01-31,Y,,,Not started,,
D · other-city baker,Cottage,Confections By Lance Nitta,Campbell,PT0506849,2027-03-31,Y,,,Not started,,
D · other-city baker,Cottage,Croatian Kruh (Bread),Campbell,PT0499871,2027-05-31,Y,,,Not started,,
D · other-city baker,Cottage,Daily Nourish,Campbell,PT0490369,2027-07-31,Y,,,Not started,,
D · other-city baker,Cottage,Delamore Delights,Campbell,PT0493235,2026-12-31,Y,,,Not started,,
D · other-city baker,Cottage,Emily'S Flours,Campbell,PT0502289,2026-11-30,Y,,,Not started,,
D · other-city baker,Cottage,Fondantopia,Campbell,PT0503447,2027-06-30,Y,,,Not started,,
D · other-city baker,Cottage,Holly Pops,Campbell,PT0481530,2027-06-30,Y,,,Not started,,
D · other-city baker,Cottage,Hugger,Campbell,PT0506517,2027-01-31,Y,,,Not started,,
D · other-city baker,Cottage,Maman Paz,Campbell,PT0505672,2027-07-31,Y,,,Not started,,
D · other-city baker,Cottage,Melrose Sweets & Gatherings,Campbell,PT0506832,2027-03-31,Y,,,Not started,,
D · other-city baker,Cottage,Rudo Marti,Campbell,PT0494113,2027-04-30,Y,,,Not started,,
D · other-city baker,Cottage,Sweet Treats Boutiquet Gref,Campbell,PT0501285,2027-04-30,Y,,,Not started,,
D · other-city baker,Cottage,Waffle Atelier,Campbell,PT0506726,2027-02-28,Y,,,Not started,,
D · other-city baker,Cottage,Amy @ T Ambasha,Cupertino,PT0506725,2027-02-28,Y,,,Not started,,
D · other-city baker,Cottage,Dashami Foods,Cupertino,PT0506716,2027-02-28,Y,,,Not started,,
D · other-city baker,Cottage,Sunny Bunny Factory,Cupertino,PT0501926,2026-08-31,Y,,,Not started,,
D · other-city baker,Cottage,Baker Boys,Gilroy,PT0506905,2027-03-31,Y,,,Not started,,
D · other-city baker,Cottage,Crust & Creme,Gilroy,PT0505830,2026-09-30,Y,,,Not started,,
D · other-city baker,Cottage,Cupcakes For College,Gilroy,PT0485267,2027-02-28,Y,,,Not started,,
D · other-city baker,Cottage,Darby'S Space Case Candy,Gilroy,PT0506540,2027-02-28,Y,,,Not started,,
D · other-city baker,Cottage,Dreamin Chocolat,Gilroy,PT0498699,2026-11-30,Y,,,Not started,,
D · other-city baker,Cottage,Flour & Four On 6th,Gilroy,PT0506012,2026-10-31,Y,,,Not started,,
D · other-city baker,Cottage,Gilroy Bakery Cottage,Gilroy,PT0504140,2026-11-30,Y,,,Not started,,
D · other-city baker,Cottage,Love Bites Micro Bakery,Gilroy,PT0506384,2026-12-31,Y,,,Not started,,
D · other-city baker,Cottage,Loving Sourdough,Gilroy,PT0507382,2027-07-31,Y,,,Not started,,
D · other-city baker,Cottage,Mad Delectables,Gilroy,PT0504621,2027-02-28,Y,,,Not started,,
D · other-city baker,Cottage,Mimi'S Frosty Treats,Gilroy,PT0505207,2027-05-31,Y,,,Not started,,
D · other-city baker,Cottage,Purely Sourdough,Gilroy,PT0505013,2027-04-30,Y,,,Not started,,
D · other-city baker,Cottage,Rocky Road Ahead,Gilroy,PT0482404,2027-02-28,Y,,,Not started,,
D · other-city baker,Cottage,Snickerdoodle Sweets & Events,Gilroy,PT0484006,2026-10-31,Y,,,Not started,,
D · other-city baker,Cottage,Sunday Best Bakehouse,Gilroy,PT0505851,2026-09-30,Y,,,Not started,,
D · other-city baker,Cottage,The Baking Connection,Gilroy,PT0504923,2027-03-31,Y,,,Not started,,
D · other-city baker,Cottage,Time For Feast,Gilroy,PT0502776,2027-02-28,Y,,,Not started,,
D · other-city baker,Cottage,Treats By Jess,Gilroy,PT0501470,2027-05-31,Y,,,Not started,,
D · other-city baker,Cottage,Vivra Cafe,Gilroy,PT0506959,2027-04-30,Y,,,Not started,,
D · other-city baker,Cottage,Baked By Maya,Los Altos,PT0507454,2027-07-31,Y,,,Not started,,
D · other-city baker,Cottage,Beeline Treats,Los Altos,PT0487338,2027-02-28,Y,,,Not started,,
D · other-city baker,Cottage,Brownie'S Cookie Confectionary,Los Altos,PT0501232,2027-04-30,Y,,,Not started,,
D · other-city baker,Cottage,Flaneuse Bakes,Los Altos,PT0504791,2027-02-28,Y,,,Not started,,
D · other-city baker,Cottage,Flipfresh,Los Altos,PT0501230,2027-04-30,Y,,,Not started,,
D · other-city baker,Cottage,Flourbored,Los Altos,PT0505086,2027-04-30,Y,,,Not started,,
D · other-city baker,Cottage,La Jawab Treats,Los Altos,PT0502321,2026-11-30,Y,,,Not started,,
D · other-city baker,Cottage,Mizu & Bloom Artisan Bakes,Los Altos,PT0507044,2027-04-30,Y,,,Not started,,
D · other-city baker,Cottage,Nl Baking,Los Altos,PT0505747,2026-08-31,Y,,,Not started,,
D · other-city baker,Cottage,"Oh, Schmidt! Small Batch Bakery",Los Altos,PT0506727,2027-02-28,Y,,,Not started,,
D · other-city baker,Cottage,Sardough Bliss,Los Altos,PT0505749,2026-08-31,Y,,,Not started,,
D · other-city baker,Cottage,Snack Dragon,Los Altos,PT0499644,2027-03-31,Y,,,Not started,,
D · other-city baker,Cottage,Strength In Sweets: Supporting The 35.6%,Los Altos,PT0503828,2026-09-30,Y,,,Not started,,
D · other-city baker,Cottage,Amorose,Los Gatos,PT0506936,2027-04-30,Y,,,Not started,,
D · other-city baker,Cottage,Deanna Dresti,Los Gatos,PT0496536,2027-08-31,Y,,,Not started,,
D · other-city baker,Cottage,Doughbauchery,Los Gatos,PT0503276,2027-05-31,Y,,,Not started,,
D · other-city baker,Cottage,Fresh Flour,Los Gatos,PT0503845,2026-09-30,Y,,,Not started,,
D · other-city baker,Cottage,La Bouchee,Los Gatos,PT0503130,2027-05-31,Y,,,Not started,,
D · other-city baker,Cottage,My One Love,Los Gatos,PT0507479,2027-07-31,Y,,,Not started,,
D · other-city baker,Cottage,One Cup One Paw,Los Gatos,PT0506992,2027-04-30,Y,,,Not started,,
D · other-city baker,Cottage,Set In Stone Bakery,Los Gatos,PT0502288,2026-11-30,Y,,,Not started,,
D · other-city baker,Cottage,Something Yummy,Los Gatos,PT0502067,2026-09-30,Y,,,Not started,,
D · other-city baker,Cottage,South Bay Buzz,Los Gatos,PT0505748,2026-08-31,Y,,,Not started,,
D · other-city baker,Cottage,Ecakesdelight,Milpitas,PT0496270,2027-05-31,Y,,,Not started,,
D · other-city baker,Cottage,Kei Coffee,Milpitas,PT0502003,2026-08-31,Y,,,Not started,,
D · other-city baker,Cottage,Pretty Sweet Parties,Milpitas,PT0492753,2026-09-30,Y,,,Not started,,
D · other-city baker,Cottage,Taste4joy,Milpitas,PT0496561,2026-08-31,Y,,,Not started,,
D · other-city baker,Cottage,The Little Cakes,Milpitas,PT0496885,2026-11-30,Y,,,Not started,,
D · other-city baker,Cottage,Trina'S Baked Goods,Milpitas,PT0507451,2027-07-31,Y,,,Not started,,
D · other-city baker,Cottage,Uttara Koranne,Milpitas,PT0507523,2027-07-31,Y,,,Not started,,
D · other-city baker,Cottage,Weekend Kitchen,Monte Sereno,PT0506989,2027-04-30,Y,,,Not started,,
D · other-city baker,Cottage,A Taste Of Happiness,Morgan Hill,PT0507251,2027-06-30,Y,,,Not started,,
D · other-city baker,Cottage,Aces' Place Banana Breads,Morgan Hill,PT0499870,2027-05-31,Y,,,Not started,,
D · other-city baker,Cottage,Cafe Com Bolo,Morgan Hill,PT0505348,2027-05-31,Y,,,Not started,,
D · other-city baker,Cottage,Cassie'S Boutique Bakery,Morgan Hill,PT0504238,2026-12-31,Y,,,Not started,,
D · other-city baker,Cottage,Chaithentic,Morgan Hill,PT0500619,2026-10-31,Y,,,Not started,,
D · other-city baker,Cottage,Chinese Homemade Treats,Morgan Hill,PT0502790,2027-02-28,Y,,,Not started,,
D · other-city baker,Cottage,Divine Bakery,Morgan Hill,PT0503726,2026-08-31,Y,,,Not started,,
D · other-city baker,Cottage,Dough & Batter,Morgan Hill,PT0496630,2026-09-30,Y,,,Not started,,
D · other-city baker,Cottage,Fiore Collective,Morgan Hill,PT0506715,2027-02-28,Y,,,Not started,,
D · other-city baker,Cottage,Flour Girl Bread,Morgan Hill,PT0506262,2026-12-31,Y,,,Not started,,
D · other-city baker,Cottage,Golden Brown Bakes,Morgan Hill,PT0507113,2027-05-31,Y,,,Not started,,
D · other-city baker,Cottage,Golden Poppy Custom Sweets,Morgan Hill,PT0502853,2027-03-31,Y,,,Not started,,
D · other-city baker,Cottage,Good Baking Co,Morgan Hill,PT0507458,2027-07-31,Y,,,Not started,,
D · other-city baker,Cottage,Matriarch Bread,Morgan Hill,PT0504724,2027-02-28,Y,,,Not started,,
D · other-city baker,Cottage,Miley Baking,Morgan Hill,PT0500780,2027-01-31,Y,,,Not started,,
D · other-city baker,Cottage,One Fine Cookie,Morgan Hill,PT0507318,2027-06-30,Y,,,Not started,,
D · other-city baker,Cottage,Randodadrob'S Kitchen,Morgan Hill,PT0502675,2027-01-31,Y,,,Not started,,
D · other-city baker,Cottage,Shells And Sugar,Morgan Hill,PT0506538,2027-02-28,Y,,,Not started,,
D · other-city baker,Cottage,Sweet Tooth Treats,Morgan Hill,PT0505550,2027-07-31,Y,,,Not started,,
D · other-city baker,Cottage,Teresa'S Boutique Baking,Morgan Hill,PT0507449,2027-07-31,Y,,,Not started,,
D · other-city baker,Cottage,The Hilltop Hearth And Tart,Morgan Hill,PT0504138,2026-11-30,Y,,,Not started,,
D · other-city baker,Cottage,Toasted S'Mores,Morgan Hill,PT0505347,2027-05-31,Y,,,Not started,,
D · other-city baker,Cottage,Vv Baked Goods,Morgan Hill,PT0505465,2027-06-30,Y,,,Not started,,
D · other-city baker,Cottage,Yola'S Pralines,Morgan Hill,PT0496212,2027-04-30,Y,,,Not started,,
D · other-city baker,Cottage,Blendlove Brigadeiros,Mountain View,PT0487137,2026-12-31,Y,,,Not started,,
D · other-city baker,Cottage,Coffee With Dongze,Mountain View,PT0507321,2027-06-30,Y,,,Not started,,
D · other-city baker,Cottage,Connie'S Cakerie,Mountain View,PT0506015,2026-10-30,Y,,,Not started,,
D · other-city baker,Cottage,Happiness Sugar,Mountain View,PT0502163,2026-10-31,Y,,,Not started,,
D · other-city baker,Cottage,Lead Left Breads,Mountain View,PT0505552,2027-07-31,Y,,,Not started,,
D · other-city baker,Cottage,Muzi Cake,Mountain View,PT0498358,2026-09-30,Y,,,Not started,,
D · other-city baker,Cottage,Ola Polish Bakery,Mountain View,PT0499603,2027-03-31,Y,,,Not started,,
D · other-city baker,Cottage,Racarons,Mountain View,PT0502143,2026-10-31,Y,,,Not started,,
D · other-city baker,Cottage,Rina'S Vegan Bakery,Mountain View,PT0502319,2026-11-30,Y,,,Not started,,
D · other-city baker,Cottage,Sensory Sourdough,Mountain View,PT0506960,2027-04-30,Y,,,Not started,,
D · other-city baker,Cottage,Shooketh Foods,Mountain View,PT0506385,2026-12-31,Y,,,Not started,,
D · other-city baker,Cottage,Sugar & Rose Bakery,Mountain View,PT0504039,2026-11-30,Y,,,Not started,,
D · other-city baker,Cottage,Sunny Cakes & Sweets,Mountain View,PT0496588,2027-08-31,Y,,,Not started,,
D · other-city baker,Cottage,Whole Grain Connection,Mountain View,PT0489246,2027-01-31,Y,,,Not started,,
D · other-city baker,Cottage,Baked By Mila,Palo Alto,PT0507043,2027-04-30,Y,,,Not started,,
D · other-city baker,Cottage,Caladrius Bakery,Palo Alto,PT0505776,2026-08-31,Y,,,Not started,,
D · other-city baker,Cottage,Dave'S Backyard Bees,Palo Alto,PT0497664,2027-03-31,Y,,,Not started,,
D · other-city baker,Cottage,Frommykitcheninpalocali,Palo Alto,PT0496271,2027-05-31,Y,,,Not started,,
D · other-city baker,Cottage,Happy Toast,Palo Alto,PT0499872,2027-05-31,Y,,,Not started,,
D · other-city baker,Cottage,Kash Kuisine,Palo Alto,PT0506535,2027-02-28,Y,,,Not started,,
D · other-city baker,Cottage,La Toque De Cindy Roberts,Palo Alto,PT0487238,2027-01-31,Y,,,Not started,,
D · other-city baker,Cottage,Lamama,Palo Alto,PT0506536,2027-02-28,Y,,,Not started,,
D · other-city baker,Cottage,Sweet Confetti Cookies,Palo Alto,PT0496537,2026-08-31,Y,,,Not started,,
D · other-city baker,Cottage,The Cake Studio,Palo Alto,PT0503277,2027-05-31,Y,,,Not started,,
D · other-city baker,Cottage,The Kibler Elf,Palo Alto,PT0497545,2027-03-31,Y,,,Not started,,
D · other-city baker,Cottage,Toasty Bay,Palo Alto,PT0506537,2027-02-28,Y,,,Not started,,
D · other-city baker,Cottage,Tree Of Grace,Palo Alto,PT0504359,2027-01-31,Y,,,Not started,,
D · other-city baker,Cottage,Sugar And Spice Cake Pops,San Martin,PT0506993,2027-05-31,Y,,,Not started,,
D · other-city baker,Cottage,4+4,Santa Clara,PT0507367,2027-06-30,Y,,,Not started,,
D · other-city baker,Cottage,Anamour Bakery,Santa Clara,PT0505088,2027-04-30,Y,,,Not started,,
D · other-city baker,Cottage,Anthoula'S Greek Baklava,Santa Clara,PT0499096,2027-01-31,Y,,,Not started,,
D · other-city baker,Cottage,Bakenstein,Santa Clara,PT0502290,2026-11-30,Y,,,Not started,,
D · other-city baker,Cottage,Bloomzephyr,Santa Clara,PT0506935,2027-04-30,Y,,,Not started,,
D · other-city baker,Cottage,Buonoan,Santa Clara,PT0501287,2027-04-30,Y,,,Not started,,
D · other-city baker,Cottage,Burnt Toast Bakery,Santa Clara,PT0507017,2027-04-30,Y,,,Not started,,
D · other-city baker,Cottage,Cakemaru,Santa Clara,PT0481235,2027-03-31,Y,,,Not started,,
D · other-city baker,Cottage,Emerald And Oakley,Santa Clara,PT0506831,2027-03-31,Y,,,Not started,,
D · other-city baker,Cottage,Flavorfold,Santa Clara,PT0507148,2027-05-31,Y,,,Not started,,
D · other-city baker,Cottage,Gato Malo Coffee Co,Santa Clara,PT0500519,2026-10-31,Y,,,Not started,,
D · other-city baker,Cottage,Macarons By Agatha,Santa Clara,PT0499923,2027-05-31,Y,,,Not started,,
D · other-city baker,Cottage,Macaroom,Santa Clara,PT0506453,2027-01-31,Y,,,Not started,,
D · other-city baker,Cottage,Maria Bambina Cake Pops,Santa Clara,PT0481309,2027-04-30,Y,,,Not started,,
D · other-city baker,Cottage,Petal And Spice,Santa Clara,PT0507019,2027-04-30,Y,,,Not started,,
D · other-city baker,Cottage,Stillrise Artisan Bakes,Santa Clara,PT0507366,2027-06-30,Y,,,Not started,,
D · other-city baker,Cottage,Sweetaholicss,Santa Clara,PT0506239,2026-11-30,Y,,,Not started,,
D · other-city baker,Cottage,The Bay'S Chamoy Delights,Santa Clara,PT0505671,2027-07-31,Y,,,Not started,,
D · other-city baker,Cottage,Yellow Bean Kitchen,Santa Clara,PT0506117,2026-10-31,Y,,,Not started,,
D · other-city baker,Cottage,Butter Bun Bakery,Saratoga,PT0505727,2026-08-31,Y,,,Not started,,
D · other-city baker,Cottage,Cookies & Cream Co,Saratoga,PT0505467,2027-06-30,Y,,,Not started,,
D · other-city baker,Cottage,Dolce Bella Chocolates,Saratoga,PT0494850,2026-09-30,Y,,,Not started,,
D · other-city baker,Cottage,Jeen'S Bake Story,Saratoga,PT0506263,2026-12-31,Y,,,Not started,,
D · other-city baker,Cottage,Mckenzie Farm,Saratoga,PT0490784,2026-09-30,Y,,,Not started,,
D · other-city baker,Cottage,Artisan Hanok Micro Bakery,Sunnyvale,PT0505669,2026-08-31,Y,,,Not started,,
D · other-city baker,Cottage,Aunty Misri,Sunnyvale,PT0502058,2026-09-30,Y,,,Not started,,
D · other-city baker,Cottage,Caffeinated Palette,Sunnyvale,PT0506696,2027-02-28,Y,,,Not started,,
D · other-city baker,Cottage,Cat Cat'S Nom Nom,Sunnyvale,PT0487831,2027-05-31,Y,,,Not started,,
D · other-city baker,Cottage,Chocobalance,Sunnyvale,PT0500621,2026-10-31,Y,,,Not started,,
D · other-city baker,Cottage,Cookiely,Sunnyvale,PT0482048,2026-09-30,Y,,,Not started,,
D · other-city baker,Cottage,Crane Bakery,Sunnyvale,PT0504925,2027-03-31,Y,,,Not started,,
D · other-city baker,Cottage,Elisabeth'S Jams,Sunnyvale,PT0482728,2027-02-28,Y,,,Not started,,
D · other-city baker,Cottage,Graceful Bites,Sunnyvale,PT0495018,2026-10-31,Y,,,Not started,,
D · other-city baker,Cottage,Grola,Sunnyvale,PT0506398,2027-01-31,Y,,,Not started,,
D · other-city baker,Cottage,Kake Bake Studio,Sunnyvale,PT0506679,2027-02-28,Y,,,Not started,,
D · other-city baker,Cottage,Little Roots Kitchen,Sunnyvale,PT0506365,2026-12-31,Y,,,Not started,,
D · other-city baker,Cottage,Mamoo'S Bakery,Sunnyvale,PT0502638,2027-01-31,Y,,,Not started,,
D · other-city baker,Cottage,Maria Gabriela Moran Santos,Sunnyvale,PT0507363,2027-06-30,Y,,,Not started,,
D · other-city baker,Cottage,Mi Origen,Sunnyvale,PT0505255,2027-05-31,Y,,,Not started,,
D · other-city baker,Cottage,Mkj Party Decor Treats,Sunnyvale,PT0507404,2027-07-31,Y,,,Not started,,
D · other-city baker,Cottage,One Cute Cookie Bakery,Sunnyvale,PT0499874,2027-05-31,Y,,,Not started,,
D · other-city baker,Cottage,Orange Elaichi,Sunnyvale,PT0502165,2026-10-31,Y,,,Not started,,
D · other-city baker,Cottage,Oval Studio,Sunnyvale,PT0507147,2027-05-31,Y,,,Not started,,
D · other-city baker,Cottage,Perla Cafe,Sunnyvale,PT0506437,2027-01-31,Y,,,Not started,,
D · other-city baker,Cottage,Songbird Patisserie,Sunnyvale,PT0507320,2027-06-30,Y,,,Not started,,
D · other-city baker,Cottage,Sweet Symphony By Pk,Sunnyvale,PT0505954,2027-02-28,Y,,,Not started,,
D · other-city baker,Cottage,The Bagel Studio,Sunnyvale,PT0502433,2027-01-31,Y,,,Not started,,
D · other-city baker,Cottage,The Bougie Baker,Sunnyvale,PT0506013,2026-10-31,Y,,,Not started,,
D · other-city baker,Cottage,Tily'S Cookies,Sunnyvale,PT0507452,2027-07-31,Y,,,Not started,,
